review,rating,category
bgs sesuai dgn pic nya,5,tablet
"Yang bener low jualan tuh...dsini item tambahan ada 6 tapi cuma ada 4....gda softcase dn memori cart nya
Gimana tanggung jawab penjual low ky gni",1,handphone
katanya free ongkir koq bayar,3,handphone
tidak sesuai dengan yang di tulis di iklannya,2,handphone
"kartu memori saya tidak terbaca, padahal di hp lainnya bisa terbaca",3,handphone
"Pake Wi-Fi & 4G bisa konek, tapi untuk Play Store gagal terus. Secara otomatis, tablet ini tdk bisa digunakan sesuai dgn yg diharapkan. Sy sdh mengajukan pengembalian barang.",1,tablet
"barang sudah diterima, bagus bisa langsung dipakai, thx seller 👍👍👍",4,laptop
bagus banget aq suka,4,tablet
"lmyan bagus, cmn bahan tas ga sesuai Kya yg difoto iklan",3,laptop
apakah hp a21s memang tidak dapat headsetnya?,3,handphone
pas hari ini...belum 2 bulan sudah matot...ada apa gerangan ?,2,handphone
"mantab bosku
recom seler
packing rapi
product original",5,handphone
"Sesuai sama namanya Realme C""3"", harus nunggu 3 hari akhirnya datang juga Alhamdulillah..

Good phone for budget buyer, performance TOP !

*cuman sayang aja belum ada yg versi 4/64",5,handphone
"Alhamdulillah yg di tunggu2 sudah datang, belum di pakai langsung di chas dulu.
Semoga awet",4,handphone
"memuaskan ,barang dateng cepat,msh segelan,dn packing cukup rapi,next order lgi,klo ada promo",4,handphone
"saya pesan warna maroon tpi dtang warna hitam,gpp kok sya tetap suka",3,laptop
maav agak telat.. barang bagus.. cepet sampe.. seller pun reapon nya mantap.. minusnya pas dipasang banyak gelembung yg gak bisa ilang..... tp lumayan lah sama harga nya...,3,tablet
barangnya bagus ibu aku suka btw maaf telat yang penting ibu aku suka best deh lazada,4,handphone
"barang ok bangt dpt garansi 
dapat tamabahan bonus 
paking rapi banget

pokoee puaas banget..

tank U lazada",4,handphone
akhirnya nyampe.. bonus byk... terimakasih,5,tablet
"Alhamdulillah barang mendarat dengan selamat , sayang sekali nada deringnya/ suaranya di maksimalkan tetep kecil sekali jadi main getar",3,tablet
"kecewaa... order Ransel wrna Loreng tp yg dikirim wrna hitam.. truz cacat Ransel'y,kantong kiri dan kanan'y ga bsa di tutup... krna sleting'y krjahit... 



sayang sekali toko'y ga Quality control dgn Baik.. pdhl saya udh beli tas jg k toko ini sblm'y.. 


sya mnta Ransel'y tlg di Tuker sama yg Loreng dan ga cacat.. sya sangat tunggu niat Baik'y dri Anda.. biar sya ttp bsa brlangganan di toko Anda.. trma ksh..",2,laptop
"Sama dengan yg lain... Ada lecet sedikit,tapi berfungsi dengan Baik....",4,tablet
"Barang sudah sampai, jumlah sesuai item, tapi power banknya bukan 10.000mAh, sedikit kecewa. Handset belum dicoba. Setelah di coba nannti, baru dikasih lagi ulasan.",3,handphone
"bahan lumayan bagus
berkualitas dan model nya bagus",4,laptop
"maaf baru kasi ulasan..
barang tidak bagus batrai nya gak cocok tutup nya juga gak cocok.. sangat kecewa.",2,handphone
bahan karet manttap,5,tablet
"barang nya ga bagus, gambar nya ga 3D trus karakternya ga terlau nempel, jadi gampang lepas!",2,tablet
Tapi kurang puas bahan nya,2,laptop
"tasnya bagus,tp berasa kecil bner ya😁😁😁",3,tablet
"Pengiriman barang tidak sesuai,saya sangat kecewa.",2,tablet
lama dalam pengiriman,4,handphone
"barang tidak lengkap, tidak ada handsfree, trmpre glass, sejadah, dan pelindung kabel ny.. 
saya sangat kecewa...",2,handphone
Baru d pake 1hari batrai nya udh kembung 😤😤😤,2,tablet
Dengan dimensi sebesar itu ternyata tidak bisa muat begitu banyak karena mungkin memang didesain utk laptop dan tambahan sedikit barang lain,3,laptop
"gmn sih,, minta maroon di kirim merah cabe, padahal di chat udh ok😟",2,tablet
"hp nya ori, bagus, tp sayang packing hp ko jelek bgt ya:( gada bubblewrap bener2 dus hp masuk kardus doang, mohon diperhatikan kedepannya.",4,handphone
produk ya tak diragukan lagi bagus dan tdk mengecewakan pokok ya suka dah,5,tablet
"barang bagus, pengiriman cepat, makasih Lazada🙂🙏🙏",4,laptop
barangnya bgs packingnya rapi diharapkan bisa dipercepat lagi waktu pengirimannya,5,tablet
Baguss😇,1,laptop
terima kasih barang mendarat dengan aman dan sentosa.. kualitas Bagus.. saya selalu puas beli produknya navy club,5,tablet
Sesuai gambar...,5,laptop
baru kali ini kecewa dengan flash sale. Harga pasaran langsung anjlok di H1.,2,handphone
"terimakasih seller, lazada & b kurir🚴📦🚴📦🚴📦🚴📦🚴📦🚴📦🚴📦🚴📦🚴📦🚴📦🚴📦🚴📦🚴📦🚴📦🚴📦",3,laptop
"pengiriman lumayan lama,,,tapi paket sampai dengan selamat...bonus juga lengkap ..terima kasihhh Lazada",5,handphone
ok kak mantull,5,tablet
sangat slow respon....  sinyal gk ada.,3,handphone
tasny tidak sesuai yg di harapkan . sangat kecewa mohon penjelasan untuk pengembalian,1,laptop
bgs. cuman bahanna keras pisan. atas sama bwh th jdi ga k tutup. pas d pke th jdi ga msk bgt. ngangkong jdina th. teu klop msukna.,4,tablet
"Barang sesuai pesanan, tidak ada cacat, pengiriman cepat.. bukan barang abal-abal",5,laptop
Usb nnya tidak berfungsi,2,laptop
"lcd nya cacad,gimana nih?",1,handphone
"alhamdulillah sudah sampai, pengiriman 1 minggu an karena memang ori dari china lgsg",5,tablet
"Barang berkualitas baik puas, sesuai dengan harga
recomended pokoknya",4,tablet
bagus,4,handphone
"barang yang di pesan sesuai yg diorder, bagus suara nyaenak dan nyaman dipakai nya mantaaaaapppp dech",4,laptop
bagus ibuku suka,4,tablet
Jangan beli di sini penipuan toko ini,1,laptop
"Warna ga sesuai,lcd buram dan di sisi atas dan bawah kaya lcd dah rusak tak menampilkan gambar full .",1,handphone
"Power bank rusak, percuma free,  free judul nya aja, padahal bayar juga sklian sma bayar hp, tidak puas",1,handphone
Pesanan dtg tp hnya ada suara saat on off sleep..layar gelap..sangat mengecewakan..sy hrp lazada sbg perusahaan bsr bs handle permasalahan pengembalian ni..tlg Lazada lbh selectif dgn penjual yg gabung d'Lazada..chat jg telat respon dr seller-ny..jgn smpe pembeli sdh ngeluarin uang jd korban brg tdk b'kualitas krn tdk liat barang scra lgsg..beri keyakinan dlm membeli brg..trm ksh..,1,handphone
"malam gan.. hp nya sering mati sendiri ya . LCD nya jg sdh eror.. saya tekan tombol M malah nongol U.. jd ga karuan.. 
saya mau uang saya Balik gan.. hpnya gak terpakai jdnya... lumayan dgn harga hampir 500rb tp hp ga bs d pakai..",1,handphone
"Alhamdulillah paket nya udah nyampeee,kurirnya ramah bgtt",5,tablet
lumayan,4,tablet
jgn beli hp ini jelek ga bagus hp sampah iini mah!!!!😑😡👊,1,handphone
Barang apaan lah kyak giniii gak berbobot,3,laptop
Sangat memuaskan kak barangnya,4,laptop
Lama pngiriman,1,handphone
"kecewa pengirimannya lama banget hampir 1 minggu lebih,tp barang bagus",1,handphone
Barang lumayan bagus . . dgn harga yang wajar,4,laptop
"dh lma di dtng nya,mw dibatalin dh g bsa,bner ajj barangnya apa adanya sesuai harga x ya,tp g murah2 amat ko tp barangnya sobek dmn2,g bsa buat bawa brng yg berat,ringkih,bhan keras gt,kecewa yg pasti mh",2,laptop
"Sesuai Pesenan.
tpi sedikit kecewa karena RAM ny kecil. dan layar hanya 9.0 in.
GK sesuai sma deskripsi ny...",3,tablet
"pengiriman lama ,,,",3,handphone
"Paketnya sudah datang, btw sy pesan warna merah tp dikirimnya wrna hitam, ydh gpp sy maklumin, terimakasih",3,tablet
"bagus, pengirimannya juga cpt",4,laptop
puas lah intinya..cuman agak lama pengiriman nya😁,5,tablet
"hp baru dan yah 4GB di pakai sistem 2GB. mana terinstall aplikasi tidak berguna tidak bisa di hapus kecuali di root.
 pengiriman dan pengemasan top. tks.",2,handphone
ehmmmmmm,2,tablet
"Tutup kameranya gak pas, jadi menutupi sebagian kamera",2,tablet
"kurir ok, pada dasarnya bagus namun tidak sesuai dengan ekspektasi saya, karena talinya tipe yang cepat rusak... secara keseluruhan ok lah, namun tidak wah dan tidak istimewa...",4,laptop
"sesuai, syukaaa.....",5,handphone
"Sesuai estimasi, tp kurang suka dgn kurirnya",3,handphone
barang yg di kirim ok cuma 1 yg tempered glass nya pecah packing nya kurang sefty,3,handphone
"SANGAT KECEWA,,beli mahal mahal tapi dikasih barang rijek,pada tergores mika nya,jualan yg becus gan jgn cuma mau ambil keuntungan tapi merugikan org,ga berkah tar
klo yoko profesional bales chat saya
udah gitu bilang saya merobek kaca film,yg bener aja deh mana mgkn sy merobek krn sy mengharap kan barang ini dtg dlm keadaan bagus
please LAZADA mohon jadi perhatian,sy kecewa beli mahal tapi barang rijek",1,tablet
"Terimakasih, barang sudah mendarat.",5,handphone
yang satunya rusak gak ada suara saya minta diganti harusnya sebelum dikirim di cek dulu dong saya sebagai customer kecewa,1,laptop
Produk bermasalah.. Speaker atas pelan sekali meskipun volume sudah maksimal,3,handphone
"Power bank nya gk ada, terus gimana mau dipakai ngecas klo gk disediakan power bank, power bank yg dipakai di tas itu, power bank apa ya???",2,laptop
mantap brang bagus sesuai pesanan,5,tablet
packing rapi cepat sampai 👍👍👍,5,handphone
"barang udah nyampe, bagus.. tp sy pesen warna hitam yg dtang warna biru",3,laptop
pesan merah marun yg datang pink bukan merah cabe bukan.. bad 👎👎,1,tablet
warnanya butek gk sesuai ama gambar,2,tablet
"hp nya bagus, tapi pesannya mito 120i yg dateng mito 120,,tapi baguslah..",5,handphone
Barang gak masuk kurang besar sedikit.kecewa,1,tablet
knp sampai sekarang pesanan saya blm sampai juga. ini sudah lewat tanggal estimasi pengiriman,1,tablet
"barang bagus,... pengiriman sangat lama 14hari baru nyampe...",4,handphone
spek di display toko teryata beda dgn unit asli yg sy terima tolong speknya di perbaiki jgn salah tulis bkin kecewa berat ini,2,handphone
barang sampai dengan selamat... meskipun pengiriman agak lama,4,handphone
kiriman cepat sampai dan packing aman,5,handphone
Nice.. thank you,5,handphone
"saran aja gak usah pakai kata superbass biar jujur, karena barangnya gda bassnya smaskali, cempreng bgt",1,handphone
"sudah lama menunggu
pesanan Hp 4G
Ram 4 Gb
Rom 64 Gb
yg Datang Hpnya 3G
saya Sangat Kecewa
klo cuma Hp 3G
Disini juga Banyak
ga perlu Sampe 650 ribu lebih
300ribuan juga banyak
gimana sic klo Jualan Jangan Nipu Dong",2,handphone
Ulasan dapat VR bener gak  tuh.... Klo dilihat harganya sih dapat.. Wuih.... Keren..,4,handphone
barang bagus paket cepat packing rapi  terimakih,5,tablet
Lemari ya bagus...... Tp pas pemasangan aku bingung.. akhirnya selesai juga... Anakku suka banget,5,handphone
"packing rapi,,harga sesuai dgn kualitas",4,laptop
"Sorry, tp buat evaluasi. Tonton sampai habis biar tau rusaknya dimana. padahal baru sampe barangnya.",2,handphone
sedikit kecewa psen warna maroon datang warna merah ke pink an,2,tablet
"jelek suaranya, msh mono, gak ngebas",1,laptop
kualitas audio kurang sempurna,3,handphone
suara speakerny jelek. pecah. gak jelas suara yg berbicara,2,handphone
"warna nya jelek..pudar. 
saya pikir hard ternyata softcase..
beda dengan yang di gambar",1,tablet
alhamdulillah barang nya bagus anak saya suka n' kurirnya ramah makasih & sukses selalu🙏,4,tablet
"Miriiissss sekaliiiiii....    Masa iya dus nya pake dus polos gitu sih yng 1 nya.?? 
Itu semua pesenan cust.  Pesen doraemon  dikasih hellokitty,  mana gk ada konfirmasi dulu 😡😡😡😡",1,handphone
mantulll......👍👍👍👍👍,5,tablet
bagus tas ny tp kk klu  mau ngirim paket di teliti dulu di baca dlu jgn smpe salah jgn bikin kecewa sm pelanggan ya ka tlong,3,laptop
"cepet sampe nya , cuma suaranya jadi kebalik, 
suara di kanan malah ke kiri, kok aneh ya",2,laptop
"lumayan, yg dikirim tdk sm persis dgn yg gambar...",3,laptop
👎👎👎👎 garansi ta ada.minta merah.dikirim biru.untuk pengiriman cepat,2,handphone
"tas y lumayan bagus,..",5,laptop
Mantull beeeettttt,5,tablet
"barang mah bagus, pengiriman cept, cm motif tidak sesuai dg orderan.",4,tablet
"barang sampai jam 10:30 kemarin, 😢 katanya batrainya tahan seharian. posisi sekitar jam 16:00 batrai 20% trus saya cas posisi ho mati. abis dicas jam 5 sore 100% jam 02:28 pagi dini hari batrai udah berkurang ni cuman 10 jam batrai dari posisi penuh kok tinggal 37%",2,handphone
good lah ya wlopun gk ada bonusnya,4,handphone
Ga ada padlocknya...,1,laptop
saya pesen. yg doraemon tapi doraemon nya udah buluk tapi semenjak sya beli g ada apapun sya sedikit kecewa. y gapapa lah trrimakasih seller dan lazada . jangan di ulang lagi y👌,4,tablet
gak sesuai pesanan,1,tablet
good bagus 😙,3,tablet
"TOLONG diperhatikan  estimasi waktu yg diberikan dan KEMASAN pesanan pelanggan.
Agar kedepannya JASA PENGIRIMAN anda bisa LEBIH BAIK.",1,laptop
"kok pengetahuan nya barang udh sampai tapahal blom kita terima,gima sih lazada,baru x ini kecewa",1,laptop
"tidak seperti yang diharapkan, gambar yang tampil dari video hitam putih tidak berwarna dan tidak full screen pinggirnya ada bayangan hitam",3,laptop
indomie rasa tablet oke bgt dah..,5,handphone
Kualitas barangnya sungguh murahan sesuai dg harganya yg sangat murah,2,laptop
Barang sesuai sama foto dan siip kualitas baik,4,tablet
pesan warna hitam kenapa yg datang warna coklat dah gitu bukan kain kanvas...,2,laptop
sudah di batalin Masi aja di kirim,1,laptop
"Charger-nya baru satu kali pakai udah nggak berfungsi. Nanya bisa ditukar apa nggak via chat malah nggak bisa jawab. Aneh. Harusnya kan masuk ke dalam garansi. Waktu nanya-nanya tentang produk juga seolah diarahkan disuruh langsung beli aja, nggak boleh kebanyakan nanya.",2,handphone
Lmynlah.,2,laptop
"terimakasih lazada, barang diterima dengan kondisi yang baik.. .. 
saran konsumen lebih dipercepat wsktu pengirimannya.. tanks",4,handphone
Sesuai estimates everything it's good,3,handphone
"Barang ok
Tapi bonus kartu axis quota ng dimasukkan",3,handphone
Kecewa,3,handphone
Tidak sesuai dengan gambar packing hanya menggunakan plastik bening saja ..,2,laptop
"Barangnya bagus si😍
kurirnya gak ramah asem😏",3,tablet
"barang sudah di terima, saya kecewa belanja disini pesan warna abu2, kenapa yg dateng warna coklat, model aslinya juga beda dengan yg di foto, lalu tidak dapat cover tas nya",1,laptop
Barang g pas dicemera,1,tablet
maf baru kasih ulasan barang ny bagus mulus gk ada lecet sedikit pun barang sesuai relpic saya suka😍😁,5,tablet
pantek gak sesuai,2,laptop
"Okay jadi untuk produknya sendiri saya kira tida ada masalah since ini dari LazadaMall, semua tau reputasinya barang dijamin Ori dan sebagainya. Namun demikian izinkan saya mengulas di bagian pelayanannya dan pengirimannya. Untuk pelayanan mungkin bisa lebih fast respond lagi dan lebih jelas dalam menyampaikan info. Terkhusus bagi saya yang cenderung belum familiar menggunakan Lazada butuh penyampaian yang lebih detail terkait teknis transaksi. Terus untuk pengiriman relatif agak lama ya. Dan yang agak fatal adalah kurir tidak langsung menyerahkan barang ke saya dan tida ada konformasi ke saya terkait kepada siapa barang diberikan. Luckily, yang menerima adalah satpam perumahan, padahal tidak jarang banyak orang lain yang standby disana dan bisa jadi barang tidak sampai. Jadi mungkin bisa lebih diperbaiki baik dari merchant maupun Lazadanya karna toh kedua ini saling berkesinambungan kan. Kalo salah satu tidak baik akan mempengaruhi preferensi pembeli dalam memilih merchant/platform.",3,handphone
motif kurang suka.,3,tablet
lumayanlah untuk harga segini..cuma bahannya emang agak tipis dibanding tas navy club yg lain..,4,laptop
thanks,4,laptop
"kecewa saya pesen kucing abu ug dikirim item sangat kecewa,,tolongg dong di periksa sebelum di kirim tanggung jawab juga dongg lapakk aneh udh salah enggak tanggung jawab",1,tablet
"Barang datang cepat dan sesuai dengan deskripsi, pokoknya puas dengan pelayanan Lazada..",4,laptop
Contoh barang dengan yg dikirim berbeda,2,laptop
susah yah kalau usaha cuma nipu orang..dasar toko gak amanah ..mau untung gede tapi harus nipu orang dulu..kalau jualan kalian kaya gini ampe kapan pun juga gak bakal berkah..😡,1,laptop
kecewa pokoknya barang yang di pesan gak sesuai.. di pesan warna hitam yang datang warna pink,2,tablet
Sangat parah ada white spot di layar. garansi juga gak jelas resmi atau bukan yg pasti bukan TAM,1,handphone
"GK sesuai pesanan...
diorder warna putih..yg datang warna gold..",2,handphone
"Untung langsung laku,",4,handphone
"ga lagi deh belanja di mari, kapok sama pengirimannya, seminggu lebih sampai, hampir 2 minggu.. pengirimannya lama banget...",1,handphone
kelemahan pada tangkapan signal jaringan,4,handphone
biasa aja sesuai harga dipasaran,3,tablet
"ini kenapa ulasan saya di tolak sih?? takut ketahuan busuknya ya?? 
di gambar dan tulisan tipe N2E.
tp yg dateng N1D
toko gak mutu.. moga cpet bangkrut",1,handphone
barang tidak sesuai pesanan saya mesan redmi 5plus. di kirim nya redmi 5A payah,2,tablet
terimakasih lazada packet nya sudah sampai dan kurir nya baik juga,4,tablet
Kasih 3 bintang dlu soal.a blm d buka,3,laptop
"sesuai lah sama harga nya,",2,laptop
Sesuai Pesanan...👍,5,laptop
"ini baru seller gercep 4 hari udah nyampe..
tas sesuai gambar ponak'an suka.
kurir dh langganan jdi hafal",5,laptop
"saya sangat kecewa sekali karna dalam dosnya tidak ada headset dan chargernya ditukar dengan yang bukan bawaan dari hp tersebut..........?





 karna ternyata dalam dosnua",2,handphone
Lumayan bagusss dipacking dengan rapih juga namun pengirimannya tidak tepat waktu padahal sudah pilih yang express dan jasa pengirimannya yg dipakai tidak dapat dilacak,3,handphone
"barang jelek,ga nyala sebelah",1,laptop
"Unitnya bagus, di wrapping nya aman bgt utk shipping nya, packaging juga rapih, windows lgsg di set up juga. Pertanyaan2 dijawab dgn baik.",4,laptop
Mksih pket.a dh sampai...,5,laptop
"kecewa hape nya sim satu ga bisa .. sim 2 doang bisa..
intinya hape minus ... 
semoga tokonya laku dan jaya....
dan jangan mengulanginya lagi.. 
hape minus jangan di jual ....!!!!",1,tablet
pengiriman 7 hari lambat,2,tablet
Bahan tas bagus. . Oke..    Tp untuk tali slempangnya kurang oke...  . Trimakasih lazada.  Trimakasih bag solution.,4,laptop
Barang sesuai pesanan ok punya thks lazada..,5,handphone
bagus banget kurirnya ramah tapi........belum bisa ngoneksi ke hpnya😁😁😀😄,5,laptop
"kacau,,maklum hp china namanya jg blm nginstal aplikasi apa apa lemotnya parah,pindah dr menu tlfn ke pesan aja lama nyaaaaa luar biasa,,,mending beli hp seken wkwkwkwk ,kacau kacau kacau",1,handphone
"barang oke , bonus komplit. tapi pengiriman lebih lambat 2 hari dari estimasi . karena pesanan overload. overall ok.",4,tablet
batre boros,2,handphone
"barang sdh diterima dgn baik, earphone berfungsi tp charger tdk bisa dipakai krn kabelnya tdk bisa dimasukin ke lubangnya. bs dituker ga?",3,tablet
"Cepat sampai, kualitas barang sesuai harga.",5,tablet
"Beli 5 tp cuman 1 yg di coba
Lumayan suaranya ngebas cocoklah dgn harganya",5,laptop
ram hpnya g ada...,3,tablet
"mantaap barang nyaa mantuul,..mantap betuul",4,handphone
"bintang 4 aja dulu, karna pengiriman nya lama poooll, barang sih bagus bahan tebel pas lah buat anak SMP/SMA . untuk harga segitu worth it lah",4,laptop
"ok banget, sesuai pesanan",5,laptop
"lacar panjang, batre badak, pokoknya sip.... cuma sayangny speakernya diatas kamera depan, pokoknya manteb deh sudah dapat harga promo.",4,handphone
"lemari ny bgus ,,,tp syg ny GK sesuai apa yg ku minta ,,mnta hellocat ,,di kasih ny cutegilr,,,tp gpp wlw kecw,,ak suka,, pengiriman ny fast,,,MLM pesen besok ny datng,,kurir ny jg sopan ,,mkch seller mkch lazada 😘",5,handphone
"Barang tidak sesuai dengan pesanan pesannya Oppo f 11 yg datang Vivo y91c
Dangan kecewa tolong di perhatikan lagi",1,tablet
lumayan lah..,3,laptop
"lama kali di prosesnya,bahan jelek",2,laptop
"barang 3hari sampe..blm dicoba kartu freenya.. lancar"" aja sejauh ini,hanya saja kamera kurang memuaskan..bagusan Oppo f1s(4/64Gb) saya yg lama walaupun kameranya ada 1.. (yg pke flash hasil kamera belakang,yg gk pke itu kamera depan).. tergiur dengan memori n ram tanpa melihat spek lain,hehe semoga awet 👍",4,handphone
Real pict cuma minus di carger aja selanjutnya agar pelanggan tidak kecewa di coba terlebih dahulu sebelum dikirim ke pelanggan😁 terimakasih lazada,3,tablet
ini gimana ya. bisa gak dituker warnanya. sya pesan yang grey yang datang wrna black. tolong infonya . trimakash.,1,laptop
Tolong ya quality control nya. ini head phone yang saya beli sebelah kiri gak ada suara nya. Kecewa sekali saya mau tukar,1,tablet
Ini beneran Xiaomi redmi note 4 snapdragon 625 RAM 4 GB internal 64 GB GARANSI RESMI??,2,handphone
"pengirimannya cepat,  barangnya bagus. ga ribet dan mengerti consumen. terimakasih.",5,handphone
pengiriman nya lama gambar salah saya sangat kecewa bangetttttttt,2,tablet
"Saya dah chat minta casing HP apa yg dtng HP apa, saya chat ke penjual dri penjual ga ada respon.. nyebelin bnget, saya beli bkannya minta.. chat dah 2 hari slsai brng sampe ga ada dibalas sma skali, blg mao tanggung jwb tapi ga ada respon sampe skali.. 👎👎👎",2,tablet
"pesen buat vivo s1
dikirim buat v15",2,tablet
"beli pas flash sale. ongkir 120 ribu. 2 minggu ditunggu, gak nyampe2. tiba2 order dicancel sepihak dengan alasan paketnya hilang. dana dikembalikan dalam bentuk voucher, akhirnya order lagi dengan harga normal (nambah 148 ribu). 1 minggu kemudian barangnya baru nyampe di tangan.

ini pengalaman berbelanja online terburuk.",1,tablet
barangnya bagus sangat memuaskan trim lazada ...,4,laptop
salah kirim,1,tablet
"Barang sesuai dgn gambar
warna case tidak terkelupas, hanya memang jika tidak pandai merawat akan cpat kotor
tpi barang cukup berkualitas dgn harga segitu.
Terima kasih 🙏",4,tablet
TOP BGT....,5,laptop
"Real real real pict pokok nya,,, bener"" top kondisi masih di segel 👍👍👍👍👍👍👍👍👍",5,handphone
sampainya cepat. tapy. baterainya cepat habis,3,laptop
"Produk sesuai deskripsi dan gambar. Warnanya bagus, isi di dalamnya juga bagus, banyak ruangnya, cocok banget buat kerja. Setelah coba dimasukkan laptop ukuran 14"" dan tablet ukuran 10"", berat masih bisa ditopang punggung dan bahu. Puas banget sama produknya. Oke buat cewek maupun cowok. Jempol deh!",5,laptop
"packaging aman, pengiriman cepat, barang cukup puas. tapi sayang untuk bonus tg nya tidak sesuai hpnya jadi kesannya kayak semaunya sendiri untuk bonus.. trims",3,handphone
hasil camera kurang jernih.. bersemut.. hampir sama dengan merk sebelah yg harga 1juta.. apakah ini hanya terjadi pada hp saya atau semua sama?.,1,tablet
mantap pengiriman barang super cepat🙏,5,handphone
kurang memuaskan tempergllas nya kurang bagus retakkk ...,2,tablet
Pengiriman cepat tapi kecewa tidak da kabel USB tdk sesuai dengan gambar,1,laptop
"barang bagus,,  sesuai gambar,  tpi tlinya kurang bagus...",4,tablet
Barang bagus. Pakingnya terkesan asal asalan.hanya d bungkus plastik. Terkesan seperti tas murahan. Resleting macet.,3,tablet
"Unit berfungsi dengan baik
Bateray gak awet cuma sejam habis ntah kenapa 
Kartu garansi gak di isi ama tko 

Paking cukup rapi dan sedikit aman",3,laptop
"Barang jelek. Tidak sesuai spek dengan yg sesungguhnya. Sy ingin krmbalikan, mohon petunjuknya. Leletnya kayak kutu. Klo tau begini, biar 100 rb, sy tdk akan beli. Tidak bisa main game, loading melulu, nonton youtube, tersendat sendat. Menyesal aku belinya.",1,tablet
Paket seauai pesasanan pengiriman ok thanks lazada,5,handphone
"Barang terkirim dengan cepat, Respon lazada over all OK. Tapi packing cuma plastik doang, warna beda sama yg di foto, realnya warna pudar kayak tas bekas, g ada kartu garansi, g ada cover bag,, kualitas barang menentukan kepuasan,, Thanks Lazada",3,laptop
masak iya penis smaa payudara😢😢mana ni buat anak sd.barang banyak yg rusak 🙄🙄..random sih randon gak barang kayak gitu dikirim,2,tablet
Barang untuk fungsi tombol M/EQ tidak berfungsi sehingga gk basa change mode,2,tablet
"Hp sdh rusak, LCD dan batery nya.cuma 2 minggu pakae, sekarang bingung mau service kemana?",1,handphone
"makasih paketnya udh dateng, barang sesuai pesanan",4,tablet
"Aduh Parah Banget saya sangat sungguh kecewa... Yg pertama Penggiriman sangat lama... terus barang nyh cuma ada 1, 1 lgi nyh mana? kok cuma ngirim 1 jempol doang aduhh... bungkus nyh pas nerima udh sobek duluan aduhhh",1,tablet
"paket tas pesanan saya sudah saya terima, bahan Produk tas Penjualan di toko anda lumayan bagus.

thanks kiriman'nya.....",5,laptop
kemarin aku beli tapi ga ad isi ny gmn sih jualan ko ga jjr gth sih,2,tablet
"beli ditoko lain aja, estimasi plg lambat tgl 10, tp tgl segitu status masih dalam proses, chat seller jawabnya msh dikonveksi, jd toko ini jual gbr aja, stok TDK ready, pengiriman msh lelet",1,laptop
bagus tapi kemasanya,5,laptop
"barang gak bisa kepake di laptop, gak pas di lobang laptop semuanya.
asli barang gak jelas... untung nyoba dlu satu bungkus tadinya mau beli 4 lusin bakal jual lagi. buat semua yg mau beli, mending jangan deh. karena ini barang gak bakal pas di lubang2 laptop kalian.",1,laptop
kamera nya jejek banget,3,handphone
barang baru pakek sudah heng,1,handphone
Kcewa warna gx sesuay warna,2,handphone
Tasnya sich ok cuma utk tali kurang yahut. Utk pengiriman saya puas barang datang lebih cepat makasih lazada & navy club,4,tablet
barang bagussssss bangettt nanti pesan lagiii,5,tablet
bintang satu berarti apa...kecewa saya,1,handphone
ada satu yg rijek yg sinchan,2,tablet
bagus banget kak lebih bagus dari fotonya warnanya soalnya agak gelap.terimakasih,5,laptop
"kaca anti gores nya ....banyak gores goresan,tisue pmbersig nya juga gada .. kecewa saya!!!!",1,tablet
"bagus sih, tp headset nya cm nyala sebelah",3,tablet
saya pesan navy sma kuning d kirim hitam kecewa,3,tablet
"Saya belum menerima barang paket yang sy terima kosong dan pada saat proses pengembalian dana saya ingin melihat proses pengajuannya dengan salah klik ternyata proses sy dibatalkan. Tolong segera diproses untuk pengajuannya kembali.
Kenapa kok malah jadi sy batalkan.",1,handphone
"Mungkin blm Beruntung Yaa,jdi Cumn dapet jam anak""",2,laptop
sip mantap barangnya bagus pengiriman cepat,5,laptop
Barang yg d kirim sangat jauh dg pesanan,1,tablet
good,5,handphone
"Saya pesan warna merah maroon
Kenapa warna hitam yang dikirim .",2,tablet
alhamdulillah barang udah sampe...tasnya bagus sesuai dengan harga.,5,laptop
saya pesan yg stich tapi nympe ny warna dan bahannya tdk sesuai gambar...kecewa,3,tablet
"Pabrikasi kurang baik, lubang speaker yang dibor tidak rapi dan rata, miring sebelah, lem keluar, seperti dipaksa dimasukkan, jujur agak sedikit kecewa sbg konsumen padahal sebelumnya saya sudah chat minta tolong agar dipastikan dulu barangnya normal atau tidak, karena saya sulit melakukan pengembalian karena rumah dinas jauh dari kota dan suasana pandemi Covid-19, kedepannya mohon diperbaiki lagi detail pabrikasi handphonenya, sebelum dikirim dipastikan lagi unitnya normal atau tidak, jangan membuat konsumen kecewa Team Xiomi dan Lazada, Terimakasih.",2,handphone
Barang Nya Sudah Sampai Pengiriman Sangat Cepat Kurir Nya Juga Ramah,4,tablet
tasnya lumayan bagus,2,laptop
bagus barangnya,5,laptop
tasnya bagus tpi msa ga ada talinya 😟,2,laptop
"packing rapi,pengiriman lumayan cepat, tapi tasnya ya memang harganya segitu..g diskon pun segitu",3,laptop
makasi barngnya sdh tiba,2,laptop
barang sudah sampai dengan selamat,4,handphone
Agak kecil. Tasnya tp ttp ok bahan bagus,4,laptop
"mantab, sesuai dan cepat respon",5,tablet
barang bagus... sayang warna tidak sesuai pesanan. pesen hitam yg dtg abu²...😄,4,laptop
"Sempet kecewa dg packagingnya.. dus cuman dilapisi bubblewarp.. jadi penyok seperti di gambar.. tp alhamdulillah barang dlm kondisi baik dan dpt berfungsi dg baik..

saran buat seller.. lain kali klo packaging mohon diperhatikan dg betul.. krn kondisi barang dan kepuasan pembeli hrs diutamakan..

semoga ke depannya bisa barokah dan semakin mengutamakan pelayanan kpd pembeli..",4,laptop
"Alhamdulillah, barang sampai dan sesuai dengan pesanan, respon seller dan pengiriman 👍👍👍👍, puas belanja di sini, recommended seller, tks",5,laptop
"barangnya ga sesuai dan ga muat  di hp sy,tp kalo pengiriman bagus dan kurirnya juga ramah makasih lazada",3,tablet
"Barang diterima kondisi sangat baik, packing rapi dan bonus lengkap semua. Kelengkapan HP sesuai. Pengiriman sesuai perkiraan. Recommended.",5,handphone
alhamdulilah nyampe paketnya pas dicoba dipake ternyata kebaca .. seneng bgt . terimakasih lazada terimakasih ninjavanid. semoga awet deh 😁 😅,4,laptop
Gk sesuai dengan harapan,1,laptop
barang bagus. sesuai.  respon cepat.  siip,5,tablet
sesuai dg pesanan 👌,5,tablet
tas buat anak anak SD pantesnya,1,laptop
lumayan sih tpi nge cas nya agk lambat,3,tablet
"Pakingnya kurang aman...
Bublenya kurang...",3,handphone
Meskipun foto itu ada efek lighting nya tapi gak sampe yg parah bgt bedanya. Dan kenapa harganya turun setelah saya order,3,laptop
Keren bgt langsung aku pasang,4,tablet
lumayan.. agak tipis,3,laptop
saya beri 3 bintang karna saya kurang puas. Uda jelas TAS RANSEL POLO gratis ny 2. tp yg saya terima cuma 2.,3,laptop
sip barang ny sesuai pesanan,1,handphone
barangnya sudah sampai,1,tablet
trimakasih lazada barang udah sampai dan memang barang anti air tanpa rembes,3,tablet
kecewa casing nya g sesuai ga pas ma hp nya,3,tablet
"Gasukaaaaaaaa;( kesel banget sihh.. ini saya niatnya couple tas gitu sama Ade, ehh tasnya kek gini.. beda model lagi ampun daahh baru kali ini belanja di lazada kecewa kek gini.. ini modelnya knpa bisa beda kek gini sih kan saya pas beli modelnya sama .. Dateng ko beda banget ampunnnn.. lain kali yang amanah dong , klo barangnya kagak ada bilang ke elahh",2,laptop
"ma'af tlat ksih ulasan, tas nya bgus👍, mksih lazada.",5,laptop
yang pertama bgus semua normal barang yg Dateng barusan hedset nya mati sebelah .....,3,laptop
nokomen pokonya puas gua,1,laptop
"Apa mngkn krna harga diskon y jd bhnnya jelek, suami sy gag mau pake.
Slingbagnya juga gag dpt.",2,laptop
tasnya yg utama gk sebagus digambar tolong diperbaiki nilai + nya tapi fast respon dalam pengiriman,3,laptop
"batrenya kok cepet habis ya padahal belum di pake sama sekali, pas barang datang langsung di cas selama 8 jam tapi Batre tetap boros,",3,handphone
pertahankan proiduknya,4,handphone
Faktur dan kartu garansi tidak ada,4,handphone
"kenapa punya sayah gg sesuay gambar... 
parah...",2,handphone
"Pesanan diterima sesuai estimasi waktu, tetapi sedikit kecewa, pesan warna abu-abu (grey) dikirim yang warna biru ( ocean blue ). 

Next, agar seller lebih teliti dlm membaca pesanan pembeli.",4,tablet
Seneng banget. Realpict. Terima kasih. Tidak mengecewakan.,4,tablet
Bagus kuat simple puas pokok e..,5,laptop
alhmdllh hp dah sampe bagus cuman cas san nya gak berpungsi,3,handphone
batang gak sesuai keyboat macet batrerai gak bisa di carger,1,laptop
good barangnya original cuci deh gak nyesel beli di sini Alhamdulillah,5,handphone
